{
  "meta": {
    "dataset": "UDED",
    "images_available": 30,
    "images_used": 30,
    "n_thresholds": 1001,
    "match_radius": 3,
    "runtime": {
      "hostname": "node034",
      "python_version": "3.12.4",
      "platform": "Linux-5.14.0-362.8.1.el9_3.x86_64-x86_64-with-glibc2.34",
      "numpy_version": "1.26.4",
      "torch_version": "2.3.1+cu121",
      "cuda_available": true,
      "cuda_device_count": 1,
      "benchmark_note": "Traditional filters and WVF/LF run in NumPy/SciPy on CPU. ML models use PyTorch and only run on GPU when torch.cuda.is_available() is true.",
      "cuda_devices": [
        "NVIDIA A100-SXM4-40GB"
      ]
    }
  },
  "results": {
    "Sobel-3x3": {
      "ODS": 0.8828116139387422,
      "OIS": 0.8950862493317917,
      "AP": 0.9298605754034863,
      "avg_time_s": 0.02885257126763463,
      "type": "traditional"
    },
    "Sobel-5x5": {
      "ODS": 0.8876937293267683,
      "OIS": 0.8987419009717024,
      "AP": 0.9351032792246696,
      "avg_time_s": 0.025634558343638977,
      "type": "traditional"
    },
    "Sobel-7x7": {
      "ODS": 0.9004041099765001,
      "OIS": 0.9108662276746956,
      "AP": 0.9489092202414448,
      "avg_time_s": 0.022655586308489243,
      "type": "traditional"
    },
    "Sobel-9x9": {
      "ODS": 0.9038905812307173,
      "OIS": 0.9150620558483702,
      "AP": 0.9542500455086093,
      "avg_time_s": 0.026150935981422662,
      "type": "traditional"
    },
    "Sobel-15x15": {
      "ODS": 0.8769979840931026,
      "OIS": 0.8939094487317727,
      "AP": 0.9424743812885193,
      "avg_time_s": 0.03467063636829456,
      "type": "traditional"
    },
    "Prewitt-3x3": {
      "ODS": 0.8848039540638104,
      "OIS": 0.8972070019897143,
      "AP": 0.9313550944037161,
      "avg_time_s": 0.03103200647359093,
      "type": "traditional"
    },
    "Canny-sigma1": {
      "ODS": 0.821112136465899,
      "OIS": 0.8034026278841604,
      "AP": 0.3428027853931731,
      "avg_time_s": 0.09039113062123458,
      "type": "traditional"
    },
    "Canny-sigma2": {
      "ODS": 0.8046588687516554,
      "OIS": 0.792654609507791,
      "AP": 0.32519033918762186,
      "avg_time_s": 0.05558375179146727,
      "type": "traditional"
    },
    "LoG-sigma2": {
      "ODS": 0.8586533916845323,
      "OIS": 0.8688900717576671,
      "AP": 0.9072814886522973,
      "avg_time_s": 0.6616039585322142,
      "type": "traditional"
    },
    "TEED": {
      "ODS": 0.8814363232978294,
      "OIS": 0.895817014099375,
      "AP": 0.878749954733507,
      "avg_time_s": 0.210070065377901,
      "type": "ml",
      "n_images": 30,
      "note": "PyTorch inference on cuda"
    },
    "DexiNed": {
      "ODS": 0.9010288542360431,
      "OIS": 0.9101923201851957,
      "AP": 0.9067621345767922,
      "avg_time_s": 0.21532625273490946,
      "type": "ml",
      "n_images": 30,
      "note": "PyTorch inference on cuda"
    }
  }
}