{
  "Sobel-3x3": {
    "ODS": 0.4492635018754772,
    "OIS": 0.4576326020868371,
    "AP": 0.358068761931697,
    "avg_time_s": 0.013816330507397652,
    "type": "traditional"
  },
  "Sobel-5x5": {
    "ODS": 0.4640618176642668,
    "OIS": 0.46679614067594577,
    "AP": 0.3784290345298925,
    "avg_time_s": 0.013463458120822907,
    "type": "traditional"
  },
  "Sobel-7x7": {
    "ODS": 0.4926136266773285,
    "OIS": 0.4990120169868383,
    "AP": 0.41319021995014055,
    "avg_time_s": 0.007795341033488512,
    "type": "traditional"
  },
  "Sobel-9x9": {
    "ODS": 0.515925672030498,
    "OIS": 0.5237514536250641,
    "AP": 0.43921927276285044,
    "avg_time_s": 0.008941095471382141,
    "type": "traditional"
  },
  "Sobel-15x15": {
    "ODS": 0.5488525323009315,
    "OIS": 0.5538997102592539,
    "AP": 0.4678599389960168,
    "avg_time_s": 0.011904351990669965,
    "type": "traditional"
  },
  "Prewitt-3x3": {
    "ODS": 0.45286091093000214,
    "OIS": 0.4599950665669881,
    "AP": 0.35870175084862355,
    "avg_time_s": 0.010759144853800535,
    "type": "traditional"
  },
  "Canny-sigma1": {
    "ODS": 0.20123237021189902,
    "OIS": 0.19394260210851538,
    "AP": 0.055622716500392896,
    "avg_time_s": 0.017075509876012803,
    "type": "traditional"
  },
  "Canny-sigma2": {
    "ODS": 0.30336539653165145,
    "OIS": 0.28978288589257967,
    "AP": 0.08617811472805482,
    "avg_time_s": 0.021406282149255277,
    "type": "traditional"
  },
  "LoG-sigma2": {
    "ODS": 0.3821539214863236,
    "OIS": 0.3849642767231303,
    "AP": 0.2828528606684976,
    "avg_time_s": 0.22521020747721196,
    "type": "traditional"
  },
  "WVF-Np15": {
    "ODS": 0.0,
    "OIS": 0.0,
    "AP": 0.0,
    "avg_time_s": 9.056690105050802,
    "type": "wvf_lf",
    "note": "10 images, resized to 64x64"
  },
  "TEED": {
    "ODS": 0.47011941739921465,
    "OIS": 0.47138358966600946,
    "AP": 0.33308101799602063,
    "avg_time_s": 0.07404340418055654,
    "type": "ml",
    "n_images": 50
  },
  "DexiNed": {
    "ODS": 0.4950448624963871,
    "OIS": 0.5040910913216878,
    "AP": 0.39581009366850783,
    "avg_time_s": 0.3404686210118234,
    "type": "ml",
    "n_images": 50
  }
}