{
  "Horizon with Boat and Buoys": {
    "Sobel-3x3": 0.06996466431095406,
    "Sobel-5x5": 0.060957819597663866,
    "Sobel-7x7": 0.087170647623738,
    "Sobel-9x9": 0.11546138492246277,
    "Sobel-15x15": 0.18851251840942565,
    "Prewitt-3x3": 0.07734684883208462,
    "Canny-sigma1": 0.05760709010339734,
    "Canny-sigma2": 0.11870950854001701
  },
  "Cable in Water": {
    "Sobel-3x3": 0.12417582417582418,
    "Sobel-5x5": 0.12035398230088495,
    "Sobel-7x7": 0.14107883817427386,
    "Sobel-9x9": 0.1717612809315866,
    "Sobel-15x15": 0.22729158025715468,
    "Prewitt-3x3": 0.12579377078923495,
    "Canny-sigma1": 0.05501051156271898,
    "Canny-sigma2": 0.07298977341086826
  },
  "Wave Field": {
    "Sobel-3x3": 0.2296406454620114,
    "Sobel-5x5": 0.23738595141255356,
    "Sobel-7x7": 0.28320526893523595,
    "Sobel-9x9": 0.35274555925054746,
    "Sobel-15x15": 0.4876269861943214,
    "Prewitt-3x3": 0.23607482495558574,
    "Canny-sigma1": 0.32678061498986055,
    "Canny-sigma2": 0
  },
  "Underexposed Marine Scene": {
    "Sobel-3x3": 0.15752351097178685,
    "Sobel-5x5": 0.118105126541207,
    "Sobel-7x7": 0.22985581000848176,
    "Sobel-9x9": 0.379746835443038,
    "Sobel-15x15": 0.7708955223880597,
    "Prewitt-3x3": 0.18699450016175995,
    "Canny-sigma1": 0.8939313984168866,
    "Canny-sigma2": 0
  },
  "Dark Horizon (high noise)": {
    "Sobel-3x3": 0.0599712487491174,
    "Sobel-5x5": 0.06100239081847796,
    "Sobel-7x7": 0.0657343946294922,
    "Sobel-9x9": 0.06934967135114538,
    "Sobel-15x15": 0.08062015503875969,
    "Prewitt-3x3": 0.06073240926240428,
    "Canny-sigma1": 0.057936560934891496,
    "Canny-sigma2": 0.07404709881039087
  },
  "Very Low SNR Waves": {
    "Sobel-3x3": 0.21457149581414112,
    "Sobel-5x5": 0.21359836901121307,
    "Sobel-7x7": 0.22180211146575007,
    "Sobel-9x9": 0.2334340106168772,
    "Sobel-15x15": 0.28312811980033276,
    "Prewitt-3x3": 0.21612442202606139,
    "Canny-sigma1": 0.20854035811380894,
    "Canny-sigma2": 0.21021146355036172
  }
}